<?xml version="1.0" encoding="UTF-8"?>

<mule xmlns:db="http://www.mulesoft.org/schema/mule/db" xmlns:http="http://www.mulesoft.org/schema/mule/http"
	xmlns:jms="http://www.mulesoft.org/schema/mule/jms" xmlns:jdbc-ee="http://www.mulesoft.org/schema/mule/ee/jdbc"
	xmlns:mulexml="http://www.mulesoft.org/schema/mule/xml" xmlns:file="http://www.mulesoft.org/schema/mule/file"
	xmlns="http://www.mulesoft.org/schema/mule/core" xmlns:doc="http://www.mulesoft.org/schema/mule/documentation"
	xmlns:spring="http://www.springframework.org/schema/beans" xmlns:xsi="http://www.w3.org/2001/XMLSchema-instance"
	xsi:schemaLocation="http://www.mulesoft.org/schema/mule/db http://www.mulesoft.org/schema/mule/db/current/mule-db.xsd
http://www.mulesoft.org/schema/mule/http http://www.mulesoft.org/schema/mule/http/current/mule-http.xsd
http://www.mulesoft.org/schema/mule/jms http://www.mulesoft.org/schema/mule/jms/current/mule-jms.xsd
http://www.mulesoft.org/schema/mule/ee/jdbc http://www.mulesoft.org/schema/mule/ee/jdbc/current/mule-jdbc-ee.xsd
http://www.mulesoft.org/schema/mule/xml http://www.mulesoft.org/schema/mule/xml/current/mule-xml.xsd
http://www.mulesoft.org/schema/mule/file http://www.mulesoft.org/schema/mule/file/current/mule-file.xsd
http://www.springframework.org/schema/beans http://www.springframework.org/schema/beans/spring-beans-current.xsd
http://www.mulesoft.org/schema/mule/core http://www.mulesoft.org/schema/mule/core/current/mule.xsd">

	<http:listener-config name="HTTP_Listener_Configuration"
		host="localhost" port="8081" doc:name="HTTP Listener Configuration" />

	<file:connector name="inbound_xml" autoDelete="true"
		readFromDirectory="C:\Users\sathyaraj.anand\project\training\input"
		doc:name="File" />
	<mulexml:jaxb-context packageNames="com.cignex.jaxb"
		name="jaxb" doc:name="JAXB Context" />

	<asynchronous-processing-strategy
		name="Asynchronous_Processing_Strategy" maxThreads="20" maxBufferSize="50"
		doc:name="Asynchronous Processing Strategy" />
	<db:mysql-config name="MySQL_Configuration" host="localhost"
		port="3306" user="root" password="root" database="training" doc:name="MySQL Configuration" />
	<custom-transformer class="com.cignex.orders.ProcessDataBaseOutput"
		name="Java" doc:name="Java" />

	<choice-exception-strategy name="exceptions_training">

		<catch-exception-strategy doc:name="Catch Exception Strategy">
			<logger message="inputPayload Exception #[message.payload]"
				level="INFO" doc:name="Logger" />
			<set-payload name="inputPayload" value="#[flowVars.input]"
				doc:name="Set Payload" />
			<logger message="inputPayload #[message.payload]" level="INFO"
				doc:name="Logger" />
			<mulexml:jaxb-object-to-xml-transformer
				jaxbContext-ref="jaxb" returnClass="java.lang.String" doc:name="JAXB Object to XML" />
			<logger message="exception payload #[payload]" level="INFO"
				doc:name="Logger" />
		</catch-exception-strategy>
	</choice-exception-strategy>
</mule>
