<?xml version="1.0" encoding="UTF-8"?>

<mule xmlns:mulexml="http://www.mulesoft.org/schema/mule/xml"
	xmlns:db="http://www.mulesoft.org/schema/mule/db" xmlns:dw="http://www.mulesoft.org/schema/mule/ee/dw"
	xmlns:metadata="http://www.mulesoft.org/schema/mule/metadata"
	xmlns:core="http://www.mulesoft.org/schema/mule/core" xmlns:batch="http://www.mulesoft.org/schema/mule/batch"
	xmlns:file="http://www.mulesoft.org/schema/mule/file" xmlns="http://www.mulesoft.org/schema/mule/core"
	xmlns:doc="http://www.mulesoft.org/schema/mule/documentation"
	xmlns:spring="http://www.springframework.org/schema/beans" xmlns:xsi="http://www.w3.org/2001/XMLSchema-instance"
	xsi:schemaLocation="http://www.mulesoft.org/schema/mule/xml http://www.mulesoft.org/schema/mule/xml/current/mule-xml.xsd
http://www.mulesoft.org/schema/mule/db http://www.mulesoft.org/schema/mule/db/current/mule-db.xsd
http://www.mulesoft.org/schema/mule/core http://www.mulesoft.org/schema/mule/core/current/mule.xsd
http://www.mulesoft.org/schema/mule/file http://www.mulesoft.org/schema/mule/file/current/mule-file.xsd
http://www.springframework.org/schema/beans http://www.springframework.org/schema/beans/spring-beans-current.xsd
http://www.mulesoft.org/schema/mule/batch http://www.mulesoft.org/schema/mule/batch/current/mule-batch.xsd
http://www.mulesoft.org/schema/mule/ee/dw http://www.mulesoft.org/schema/mule/ee/dw/current/dw.xsd">


	<batch:job name="btachprocessingexampleBatch">
		<batch:input>
			<file:inbound-endpoint connector-ref="inbound_xml"
				doc:name="File" responseTimeout="10000"
				path="C:\Users\sathyaraj.anand\project\training\input">
				<file:filename-regex-filter pattern="([0-9]*_[\w]*).xml"
					caseSensitive="false" />
			</file:inbound-endpoint>
			<dw:transform-message metadata:id="1c1fd1ae-0fc4-4e97-97a7-8a163f00aece"
				doc:name="Transform Message">
				<dw:input-payload doc:sample="sample_data\empty.xml" />
				<dw:set-payload><![CDATA[%dw 1.0
%output application/java
---
payload.Orders.*Order
]]></dw:set-payload>
			</dw:transform-message>

		</batch:input>

		<batch:process-records>
			<batch:step name="Batch_Step1">
				<logger category="cignex-batch-processing" level="INFO"
					message="process : #[payload['orderId']]" doc:name="Logger" />
				<batch:set-record-variable variableName="orderID"
					value="#[payload]" doc:name="Record Variable" />
				<db:select config-ref="MySQL_Configuration" doc:name="Database">
					<db:parameterized-query><![CDATA[select Orders.OrderId,Orders.Customer,Orders.OrderDate,Orders.OrderAmount
,OrderLines.Quantity,OrderLines.Product,OrderLines.Price from Orders inner join
OrderLines on Orders.OrderId = OrderLines.OrderId where Orders.OrderId = #[payload['orderId']];]]></db:parameterized-query>
				</db:select>
			</batch:step>

			<batch:step name="bacth_step3" accept-policy="ALL" accept-expression="#[payload.size() == 0]">
			<set-payload value="#[recordVars['orderID']]" doc:name="Set Payload"/>
				<logger message="failed message #[payload]" category="cignex-batch-processing"
					level="INFO" doc:name="Logger"/>
                <transactional action="ALWAYS_BEGIN" doc:name="Transactional">
                    <db:insert config-ref="MySQL_Configuration" transactionalAction="NOT_SUPPORTED" doc:name="Database">
                        <db:parameterized-query><![CDATA[insert into orders(OrderId,Customer,OrderDate,OrderAmount,OrderCurrency)
values(#[payload['orderId']],#[payload['customer']],#[function:now],#[payload['orderAmount']],#[payload['orderCurrency']]);]]></db:parameterized-query>
                    </db:insert>
                    <set-payload value="#[recordVars['orderID']]" doc:name="Set Payload"/>
                    <db:insert config-ref="MySQL_Configuration" doc:name="Database">
                        <db:parameterized-query><![CDATA[insert into OrderLines(OrderLineId,OrderId,Quantity,Product,Price) values(#[new java.util.Random().nextInt(500)],#[payload['orderId']],2,'pen',100);]]></db:parameterized-query>
                    </db:insert>
                    <rollback-exception-strategy>
                    	<logger message="exception occured" category="cignex-batch-processing" level="INFO"/>
                    </rollback-exception-strategy>
                </transactional>

			</batch:step>

			<batch:step name="batch_step_final" accept-policy="ALL">
					<transformer ref="Java" doc:name="Transformer Reference" />
				<mulexml:jaxb-object-to-xml-transformer
					jaxbContext-ref="jaxb" returnClass="java.lang.String" doc:name="JAXB Object to XML" />
				<logger level="INFO" message="After Transform  : #[payload]"
					doc:name="Logger" />
				<logger category="cignex-batch-processing" level="INFO"
					message="on complete : #[payload]" doc:name="Logger" />
				<file:outbound-endpoint name="file-outbound"
					path="C:\Users\sathyaraj.anand\project\training\output" doc:name="File"
					outputPattern="#[recordVars['orderID']].xml" responseTimeout="10000" />
			</batch:step>
		</batch:process-records>

		<batch:on-complete>
			<logger doc:name="Logger"/>
		</batch:on-complete>
	</batch:job>



</mule>
